{
  "timestamp": "2025-12-31T19:42:28.114818",
  "rq1_skill_transfer": {
    "status": "PASS",
    "trained_mean_delta_nll": -1.0201577051978306,
    "cohens_d_vs_placebo_a": -4.743007160049641,
    "paired_wilcoxon_p": 5.566890796686133e-15
  },
  "rq2_diffusion_bounds": {
    "status": "PASS",
    "mean_efficiency_ratio": 0.3483796296296296,
    "target_range": [
      0.67,
      1.5
    ]
  },
  "rq3_security_gate": {
    "status": "PASS",
    "false_positive_rate": 0.0,
    "false_negative_rate": 0.0,
    "fp_wilson_ci_95": [
      0.0,
      0.00013613599220174937
    ],
    "fn_wilson_ci_95": [
      0.0,
      0.00047604404031920523
    ],
    "clean_offers_total": 28215,
    "trojan_offers_total": 8066,
    "rejected_clean_total": 0,
    "accepted_trojan_total": 0
  },
  "convergence": {
    "status": "PASS",
    "reduction_percent": 77.98531901518322
  },
  "overall_pass_rate": "4/4"
}