{
  "agents": [
    0,
    1,
    2,
    3,
    4,
    5
  ],
  "adaptive": {
    "k": 3,
    "bins": 4
  },
  "mi_matrix": [
    [
      0.0,
      -0.033333333333333215,
      0.0,
      0.0,
      0.0,
      0.0
    ],
    [
      0.08333333333333348,
      0.0,
      0.0,
      0.0,
      0.1499999999999999,
      0.0
    ],
    [
      0.0,
      0.0,
      0.0,
      -0.016666666666666607,
      0.0,
      -0.016666666666666607
    ],
    [
      0.0,
      0.0,
      -0.016666666666666607,
      0.0,
      0.0,
      -0.016666666666666607
    ],
    [
      0.033333333333333215,
      -0.033333333333333215,
      0.0,
      0.0,
      0.0,
      0.0
    ],
    [
      0.0,
      0.0,
      -0.016666666666666607,
      -0.016666666666666607,
      0.0,
      0.0
    ]
  ],
  "mi_ci": {
    "0-1": [
      -0.06666666666666643,
      0.19999999999999973
    ],
    "0-2": [
      -0.016666666666666607,
      0.0
    ],
    "0-3": [
      -0.016666666666666607,
      0.0
    ],
    "0-4": [
      -0.06666666666666643,
      0.19999999999999973
    ],
    "0-5": [
      -0.016666666666666607,
      0.0
    ],
    "1-0": [
      -0.06666666666666643,
      0.19999999999999973
    ],
    "1-2": [
      -0.016666666666666607,
      0.0
    ],
    "1-3": [
      0.0,
      0.0
    ],
    "1-4": [
      -0.06666666666666643,
      0.19999999999999973
    ],
    "1-5": [
      -0.016666666666666607,
      0.0
    ],
    "2-0": [
      -0.06666666666666643,
      0.1333333333333333
    ],
    "2-1": [
      -0.06666666666666643,
      0.06666666666666687
    ],
    "2-3": [
      -0.016666666666666607,
      -0.016666666666666607
    ],
    "2-4": [
      -0.06666666666666643,
      0.1333333333333333
    ],
    "2-5": [
      -0.016666666666666607,
      -0.016666666666666607
    ],
    "3-0": [
      -0.06666666666666643,
      0.1333333333333333
    ],
    "3-1": [
      -0.06666666666666643,
      0.1333333333333333
    ],
    "3-2": [
      -0.016666666666666607,
      -0.016666666666666607
    ],
    "3-4": [
      -0.06666666666666643,
      0.1333333333333333
    ],
    "3-5": [
      -0.016666666666666607,
      -0.016666666666666607
    ],
    "4-0": [
      -0.06666666666666643,
      0.19999999999999973
    ],
    "4-1": [
      -0.050000000000000266,
      0.19999999999999973
    ],
    "4-2": [
      -0.016666666666666607,
      0.0
    ],
    "4-3": [
      -0.016666666666666607,
      0.0
    ],
    "4-5": [
      -0.016666666666666607,
      0.0
    ],
    "5-0": [
      -0.06666666666666643,
      0.1333333333333333
    ],
    "5-1": [
      -0.06666666666666643,
      0.1333333333333333
    ],
    "5-2": [
      -0.016666666666666607,
      -0.016666666666666607
    ],
    "5-3": [
      -0.016666666666666607,
      -0.016666666666666607
    ],
    "5-4": [
      -0.06666666666666643,
      0.1333333333333333
    ]
  },
  "mi_pvals": [
    0.8,
    1.0,
    1.0,
    0.36923076923076925,
    1.0,
    0.27692307692307694,
    1.0,
    1.0,
    0.12307692307692308,
    1.0,
    1.0,
    1.0,
    1.0,
    1.0,
    1.0,
    1.0,
    1.0,
    1.0,
    1.0,
    1.0,
    0.13846153846153847,
    0.7692307692307693,
    1.0,
    1.0,
    1.0,
    1.0,
    1.0,
    1.0,
    1.0,
    1.0
  ],
  "mi_bh": {
    "threshold": 0.0,
    "rejected": [
      false,
      false,
      false,
      false,
      false,
      false,
      false,
      false,
      false,
      false,
      false,
      false,
      false,
      false,
      false,
      false,
      false,
      false,
      false,
      false,
      false,
      false,
      false,
      false,
      false,
      false,
      false,
      false,
      false,
      false
    ]
  },
  "te_matrix": [
    [
      0.0,
      0.0,
      0.0,
      0.0,
      -1.1102230246251565e-16,
      0.0
    ],
    [
      0.13081203594113688,
      0.0,
      0.0,
      0.0,
      0.3465735902799726,
      0.0
    ],
    [
      0.0,
      0.0,
      0.0,
      0.0,
      0.0,
      0.0
    ],
    [
      0.0,
      0.0,
      0.0,
      0.0,
      0.0,
      0.0
    ],
    [
      0.4773856262211096,
      0.3465735902799727,
      0.0,
      0.0,
      0.0,
      0.0
    ],
    [
      0.0,
      0.0,
      0.0,
      0.0,
      0.0,
      0.0
    ]
  ],
  "te_pvals": [
    1.0,
    1.0,
    1.0,
    1.0,
    1.0,
    0.8461538461538461,
    1.0,
    1.0,
    0.6461538461538462,
    1.0,
    1.0,
    1.0,
    1.0,
    1.0,
    1.0,
    1.0,
    1.0,
    1.0,
    1.0,
    1.0,
    0.23076923076923078,
    0.4307692307692308,
    1.0,
    1.0,
    1.0,
    1.0,
    1.0,
    1.0,
    1.0,
    1.0
  ],
  "te_bh": {
    "threshold": 0.0,
    "rejected": [
      false,
      false,
      false,
      false,
      false,
      false,
      false,
      false,
      false,
      false,
      false,
      false,
      false,
      false,
      false,
      false,
      false,
      false,
      false,
      false,
      false,
      false,
      false,
      false,
      false,
      false,
      false,
      false,
      false,
      false
    ]
  }
}