{
  "agents": [
    0,
    1,
    2
  ],
  "adaptive": {
    "k": 3,
    "bins": 4
  },
  "mi_matrix": [
    [
      0.0,
      0.0,
      0.0
    ],
    [
      0.0,
      0.0,
      0.0
    ],
    [
      0.0,
      0.0,
      0.0
    ]
  ],
  "mi_ci": {
    "0-1": [
      0.0,
      0.0
    ],
    "0-2": [
      0.0,
      0.0
    ],
    "1-0": [
      0.0,
      0.0
    ],
    "1-2": [
      0.0,
      0.0
    ],
    "2-0": [
      0.0,
      0.0
    ],
    "2-1": [
      0.0,
      0.0
    ]
  },
  "mi_pvals": [
    1.0,
    1.0,
    1.0,
    1.0,
    1.0,
    1.0
  ],
  "mi_bh": {
    "threshold": 0.0,
    "rejected": [
      false,
      false,
      false,
      false,
      false,
      false
    ]
  },
  "te_matrix": [
    [
      0.0,
      0.6931471805599453,
      0.6931471805599453
    ],
    [
      0.0,
      0.0,
      0.0
    ],
    [
      0.0,
      0.0,
      0.0
    ]
  ],
  "te_pvals": [
    0.3384615384615385,
    0.3384615384615385,
    1.0,
    1.0,
    1.0,
    1.0
  ],
  "te_bh": {
    "threshold": 0.0,
    "rejected": [
      false,
      false,
      false,
      false,
      false,
      false
    ]
  }
}