{
  "meta": {
    "topology": "erdos_renyi",
    "N": 6,
    "domains": [
      "arithmetic",
      "legal",
      "medical"
    ],
    "seed": 42,
    "p": 0.25,
    "lambda2": 0.6972243622680052
  },
  "rounds": [
    {
      "t": 0,
      "coverage": {
        "arithmetic": 0.6666666666666666,
        "legal": 0.8333333333333334,
        "medical": 0.5
      },
      "entropy_avg": 0.8561060852342811,
      "mutual_information": 0.42877058564388815,
      "mi_delta": 0.0,
      "mi_loss": 0.0,
      "mi_cum_abs": 0.0,
      "mi_norm": 0.10282453173512307,
      "accepted": [
        [
          0,
          2,
          "arithmetic"
        ],
        [
          0,
          4,
          "arithmetic"
        ],
        [
          4,
          3,
          "legal"
        ],
        [
          4,
          2,
          "legal"
        ],
        [
          4,
          0,
          "legal"
        ],
        [
          5,
          3,
          "medical"
        ]
      ]
    },
    {
      "t": 1,
      "coverage": {
        "arithmetic": 0.8333333333333334,
        "legal": 0.8333333333333334,
        "medical": 0.5
      },
      "entropy_avg": 0.766681614432236,
      "mutual_information": 0.35552099080539756,
      "mi_delta": -0.07324959483849058,
      "mi_loss": 0.07324959483849058,
      "mi_cum_abs": 0.07324959483849058,
      "mi_norm": 0.08525836572178837,
      "accepted": [
        [
          4,
          1,
          "arithmetic"
        ]
      ]
    },
    {
      "t": 2,
      "coverage": {
        "arithmetic": 0.8333333333333334,
        "legal": 0.8333333333333334,
        "medical": 0.6666666666666666
      },
      "entropy_avg": 0.7394468924503993,
      "mutual_information": 0.2727875323887451,
      "mi_delta": -0.08273345841665247,
      "mi_loss": 0.08273345841665247,
      "mi_cum_abs": 0.15598305325514306,
      "mi_norm": 0.06541785099117901,
      "accepted": [
        [
          3,
          4,
          "medical"
        ]
      ]
    },
    {
      "t": 3,
      "coverage": {
        "arithmetic": 0.8333333333333334,
        "legal": 0.8333333333333334,
        "medical": 1.0
      },
      "entropy_avg": 0.4333482810989027,
      "mutual_information": 0.093531658498881,
      "mi_delta": -0.17925587388986408,
      "mi_loss": 0.17925587388986408,
      "mi_cum_abs": 0.33523892714500714,
      "mi_norm": 0.022430057726824788,
      "accepted": [
        [
          4,
          1,
          "medical"
        ],
        [
          4,
          0,
          "medical"
        ]
      ]
    },
    {
      "t": 4,
      "coverage": {
        "arithmetic": 0.8333333333333334,
        "legal": 0.8333333333333334,
        "medical": 1.0
      },
      "entropy_avg": 0.4333482810989027,
      "mutual_information": 0.093531658498881,
      "mi_delta": 0.0,
      "mi_loss": 0.0,
      "mi_cum_abs": 0.33523892714500714,
      "mi_norm": 0.022430057726824788,
      "accepted": []
    }
  ],
  "final": {
    "coverage": {
      "arithmetic": 0.8333333333333334,
      "legal": 0.8333333333333334,
      "medical": 1.0
    },
    "bytes_on_wire": 0,
    "accepted_offers": 10,
    "gate": {
      "rejected_hash_total": 0,
      "rejected_safety_total": 15,
      "accepted_clean_total": 10,
      "accepted_trojan_total": 0,
      "rejected_clean_total": 0,
      "rejected_trojan_total": 15,
      "false_negatives": 0,
      "false_positives": 0,
      "rejection_reasons": {
        "trigger_rate_high": 15
      }
    },
    "bytes_per_offer": 0,
    "rounds_to_diffuse": {
      "arithmetic": null,
      "legal": null,
      "medical": 3
    },
    "observed_t_all": 3,
    "predicted_t_all": 6
  }
}