{
  "meta": {
    "topology": "erdos_renyi",
    "N": 6,
    "domains": [
      "legal",
      "arithmetic",
      "medical"
    ],
    "seed": 42,
    "p": 0.25,
    "lambda2": 0.5256893096129952
  },
  "rounds": [
    {
      "t": 0,
      "coverage": {
        "legal": 0.8333333333333334,
        "arithmetic": 0.6666666666666666,
        "medical": 0.5
      },
      "entropy_avg": 0.8561060852342811,
      "mutual_information": 0.42877058564388815,
      "mi_delta": 0.0,
      "mi_loss": 0.0,
      "mi_cum_abs": 0.0,
      "mi_norm": 0.10282453173512307,
      "accepted": [
        [
          0,
          4,
          "arithmetic"
        ],
        [
          0,
          2,
          "arithmetic"
        ],
        [
          4,
          3,
          "legal"
        ],
        [
          4,
          0,
          "legal"
        ],
        [
          4,
          2,
          "legal"
        ],
        [
          5,
          3,
          "medical"
        ]
      ]
    },
    {
      "t": 1,
      "coverage": {
        "legal": 1.0,
        "arithmetic": 0.8333333333333334,
        "medical": 0.5
      },
      "entropy_avg": 0.5500074738827847,
      "mutual_information": 0.279920780253736,
      "mi_delta": -0.14884980539015213,
      "mi_loss": 0.14884980539015213,
      "mi_cum_abs": 0.14884980539015213,
      "mi_norm": 0.06712849275632433,
      "accepted": [
        [
          4,
          1,
          "arithmetic"
        ],
        [
          3,
          5,
          "legal"
        ]
      ]
    },
    {
      "t": 2,
      "coverage": {
        "legal": 1.0,
        "arithmetic": 0.8333333333333334,
        "medical": 0.6666666666666666
      },
      "entropy_avg": 0.5227727519009479,
      "mutual_information": 0.2146187299249082,
      "mi_delta": -0.0653020503288278,
      "mi_loss": 0.0653020503288278,
      "mi_cum_abs": 0.21415185571897993,
      "mi_norm": 0.05146824699501189,
      "accepted": [
        [
          3,
          4,
          "medical"
        ]
      ]
    },
    {
      "t": 3,
      "coverage": {
        "legal": 1.0,
        "arithmetic": 0.8333333333333334,
        "medical": 1.0
      },
      "entropy_avg": 0.21667414054945136,
      "mutual_information": 0.06372001807927907,
      "mi_delta": -0.15089871184562914,
      "mi_loss": 0.15089871184562914,
      "mi_cum_abs": 0.3650505675646091,
      "mi_norm": 0.015280854705357845,
      "accepted": [
        [
          4,
          1,
          "medical"
        ],
        [
          4,
          0,
          "medical"
        ]
      ]
    },
    {
      "t": 4,
      "coverage": {
        "legal": 1.0,
        "arithmetic": 0.8333333333333334,
        "medical": 1.0
      },
      "entropy_avg": 0.21667414054945136,
      "mutual_information": 0.06372001807927907,
      "mi_delta": 0.0,
      "mi_loss": 0.0,
      "mi_cum_abs": 0.3650505675646091,
      "mi_norm": 0.015280854705357845,
      "accepted": []
    }
  ],
  "final": {
    "coverage": {
      "legal": 1.0,
      "arithmetic": 0.8333333333333334,
      "medical": 1.0
    },
    "bytes_on_wire": 0,
    "accepted_offers": 11,
    "gate": {
      "rejected_hash_total": 0,
      "rejected_safety_total": 14,
      "accepted_clean_total": 11,
      "accepted_trojan_total": 0,
      "rejected_clean_total": 0,
      "rejected_trojan_total": 14,
      "false_negatives": 0,
      "false_positives": 0,
      "rejection_reasons": {
        "trigger_rate_high": 14
      }
    },
    "bytes_per_offer": 0,
    "rounds_to_diffuse": {
      "legal": 1,
      "arithmetic": null,
      "medical": 3
    },
    "observed_t_all": 3,
    "predicted_t_all": 3
  }
}