{
  "meta": {
    "topology": "erdos_renyi",
    "N": 6,
    "domains": [
      "legal",
      "arithmetic",
      "medical"
    ],
    "seed": 11,
    "p": 0.25,
    "lambda2": 0.3248691294333538
  },
  "rounds": [
    {
      "t": 0,
      "coverage": {
        "legal": 0.8333333333333334,
        "arithmetic": 0.3333333333333333,
        "medical": 0.3333333333333333
      },
      "entropy_avg": 0.8288713632524445,
      "mutual_information": 0.7688538376159999,
      "mi_delta": 0.0,
      "mi_loss": 0.0,
      "mi_cum_abs": 0.0,
      "mi_norm": 0.18438073522906656,
      "accepted": [
        [
          1,
          3,
          "legal"
        ],
        [
          4,
          2,
          "legal"
        ],
        [
          4,
          5,
          "legal"
        ],
        [
          4,
          3,
          "legal"
        ]
      ]
    },
    {
      "t": 1,
      "coverage": {
        "legal": 1.0,
        "arithmetic": 0.3333333333333333,
        "medical": 0.3333333333333333
      },
      "entropy_avg": 0.612197222702993,
      "mutual_information": 0.5709505944546684,
      "mi_delta": -0.19790324316133145,
      "mi_loss": 0.19790324316133145,
      "mi_cum_abs": 0.19790324316133145,
      "mi_norm": 0.13692107034471496,
      "accepted": [
        [
          1,
          0,
          "legal"
        ]
      ]
    },
    {
      "t": 2,
      "coverage": {
        "legal": 1.0,
        "arithmetic": 0.3333333333333333,
        "medical": 0.3333333333333333
      },
      "entropy_avg": 0.612197222702993,
      "mutual_information": 0.5709505944546684,
      "mi_delta": 0.0,
      "mi_loss": 0.0,
      "mi_cum_abs": 0.19790324316133145,
      "mi_norm": 0.13692107034471496,
      "accepted": []
    }
  ],
  "final": {
    "coverage": {
      "legal": 1.0,
      "arithmetic": 0.3333333333333333,
      "medical": 0.3333333333333333
    },
    "bytes_on_wire": 0,
    "accepted_offers": 5,
    "gate": {
      "rejected_hash_total": 0,
      "rejected_safety_total": 0,
      "accepted_clean_total": 5,
      "accepted_trojan_total": 0,
      "rejected_clean_total": 0,
      "rejected_trojan_total": 0,
      "false_negatives": 0,
      "false_positives": 0,
      "rejection_reasons": {
        "consensus_pending": 15
      }
    },
    "bytes_per_offer": 0,
    "consensus": {
      "committed": {
        "0": "f44044ff2ef41ec375ea714f593206c8d8df55dd7573566c5d9e234a66b8d44c"
      }
    },
    "rounds_to_diffuse": {
      "legal": 1,
      "arithmetic": null,
      "medical": null
    },
    "observed_t_all": 1,
    "predicted_t_all": 12
  }
}